graph_id,node_id,label,train_mask,val_mask,test_mask,feat_feature_00,feat_feature_01,feat_feature_02,feat_feature_03,X,Y,Z
0,0,0,True,False,False,1.0,0.0,0.0,0.0,5.0,15.0,3.0
0,1,0,True,False,False,1.0,0.0,0.0,0.0,15.0,5.0,1.0
0,2,0,True,False,False,1.0,0.0,0.0,0.0,11.0,11.0,1.0
0,3,0,True,False,False,1.0,0.0,0.0,0.0,17.0,5.0,1.0
0,4,0,True,False,False,1.0,0.0,0.0,0.0,9.0,15.0,3.0
0,5,0,True,False,False,1.0,0.0,0.0,0.0,3.0,13.0,1.0
0,6,0,True,False,False,1.0,0.0,0.0,0.0,15.0,5.0,3.0
0,7,0,True,False,False,1.0,0.0,0.0,0.0,11.0,5.0,1.0
0,8,0,True,False,False,0.0,0.0,1.0,0.0,10.9,2.8,12.125
0,9,0,True,False,False,1.0,0.0,0.0,0.0,17.0,1.0,3.0
0,10,0,True,False,False,1.0,0.0,0.0,0.0,9.0,11.0,1.0
0,11,0,True,False,False,1.0,0.0,0.0,0.0,11.0,7.0,3.0
0,12,0,True,False,False,1.0,0.0,0.0,0.0,1.0,15.0,1.0
0,13,0,True,False,False,1.0,0.0,0.0,0.0,15.0,7.0,3.0
0,14,0,True,False,False,1.0,0.0,0.0,0.0,11.0,3.0,1.0
0,15,0,True,False,False,1.0,0.0,0.0,0.0,19.0,9.0,1.0
0,16,0,True,False,False,1.0,0.0,0.0,0.0,17.0,15.0,3.0
0,17,0,True,False,False,1.0,0.0,0.0,0.0,7.0,3.0,3.0
0,18,0,True,False,False,1.0,0.0,0.0,0.0,13.0,13.0,1.0
0,19,0,True,False,False,1.0,0.0,0.0,0.0,3.0,9.0,3.0
0,20,0,True,False,False,1.0,0.0,0.0,0.0,19.0,1.0,1.0
0,21,0,True,False,False,1.0,0.0,0.0,0.0,17.0,13.0,1.0
0,22,0,True,False,False,1.0,0.0,0.0,0.0,5.0,15.0,1.0
0,23,0,True,False,False,1.0,0.0,0.0,0.0,7.0,5.0,1.0
0,24,0,True,False,False,1.0,0.0,0.0,0.0,7.0,11.0,3.0
0,25,0,True,False,False,1.0,0.0,0.0,0.0,3.0,7.0,3.0
0,26,0,True,False,False,1.0,0.0,0.0,0.0,9.0,1.0,3.0
0,27,0,True,False,False,1.0,0.0,0.0,0.0,7.0,11.0,1.0
0,28,0,True,False,False,1.0,0.0,0.0,0.0,3.0,1.0,1.0
0,29,0,True,False,False,1.0,0.0,0.0,0.0,5.0,7.0,3.0
0,30,0,True,False,False,0.0,0.0,0.0,1.0,3.0,13.0,5.625
0,31,0,True,False,False,1.0,0.0,0.0,0.0,15.0,13.0,3.0
0,32,0,True,False,False,1.0,0.0,0.0,0.0,5.0,13.0,3.0
0,33,0,True,False,False,1.0,0.0,0.0,0.0,15.0,9.0,1.0
0,34,0,True,False,False,1.0,0.0,0.0,0.0,1.0,3.0,3.0
0,35,0,True,False,False,1.0,0.0,0.0,0.0,19.0,3.0,3.0
0,36,0,True,False,False,1.0,0.0,0.0,0.0,3.0,7.0,1.0
0,37,0,True,False,False,1.0,0.0,0.0,0.0,11.0,1.0,3.0
0,38,0,True,False,False,1.0,0.0,0.0,0.0,3.0,11.0,1.0
0,39,0,True,False,False,1.0,0.0,0.0,0.0,13.0,13.0,3.0
0,40,0,True,False,False,1.0,0.0,0.0,0.0,7.0,9.0,3.0
0,41,0,True,False,False,1.0,0.0,0.0,0.0,3.0,11.0,3.0
0,42,0,True,False,False,1.0,0.0,0.0,0.0,19.0,9.0,3.0
0,43,0,True,False,False,0.0,0.0,1.0,0.0,10.9,2.8,8.875
0,44,0,True,False,False,1.0,0.0,0.0,0.0,15.0,15.0,3.0
0,45,0,True,False,False,1.0,0.0,0.0,0.0,9.0,13.0,1.0
0,46,0,True,False,False,1.0,0.0,0.0,0.0,13.0,3.0,3.0
0,47,0,True,False,False,1.0,0.0,0.0,0.0,1.0,15.0,3.0
0,48,0,True,False,False,0.0,0.0,1.0,0.0,2.842106,8.2,12.125
0,49,0,True,False,False,1.0,0.0,0.0,0.0,17.0,3.0,1.0
0,50,0,True,False,False,1.0,0.0,0.0,0.0,3.0,5.0,1.0
0,51,0,True,False,False,0.0,1.0,0.0,0.0,16.9,5.0,8.875
0,52,0,True,False,False,1.0,0.0,0.0,0.0,7.0,13.0,3.0
0,53,0,True,False,False,0.0,1.0,0.0,0.0,16.9,5.0,12.125
0,54,0,True,False,False,1.0,0.0,0.0,0.0,1.0,11.0,1.0
0,55,0,True,False,False,1.0,0.0,0.0,0.0,17.0,9.0,3.0
0,56,0,True,False,False,1.0,0.0,0.0,0.0,3.0,9.0,1.0
0,57,0,True,False,False,1.0,0.0,0.0,0.0,3.0,3.0,3.0
0,58,0,True,False,False,1.0,0.0,0.0,0.0,17.0,5.0,3.0
0,59,0,True,False,False,1.0,0.0,0.0,0.0,9.0,1.0,1.0
0,60,0,True,False,False,0.0,0.0,0.0,1.0,9.0,3.0,5.625
0,61,0,True,False,False,1.0,0.0,0.0,0.0,17.0,9.0,1.0
0,62,0,True,False,False,0.0,0.0,1.0,0.0,2.842106,8.2,8.875
0,63,0,True,False,False,1.0,0.0,0.0,0.0,13.0,5.0,3.0
0,64,0,True,False,False,1.0,0.0,0.0,0.0,13.0,5.0,1.0
0,65,0,True,False,False,1.0,0.0,0.0,0.0,7.0,7.0,1.0
0,66,0,True,False,False,1.0,0.0,0.0,0.0,1.0,13.0,3.0
0,67,0,True,False,False,1.0,0.0,0.0,0.0,19.0,1.0,3.0
0,68,0,True,False,False,1.0,0.0,0.0,0.0,17.0,1.0,1.0
0,69,0,True,False,False,1.0,0.0,0.0,0.0,1.0,1.0,3.0
0,70,0,True,False,False,0.0,0.0,0.0,1.0,17.0,7.0,5.625
0,71,0,True,False,False,1.0,0.0,0.0,0.0,1.0,1.0,1.0
0,72,0,True,False,False,1.0,0.0,0.0,0.0,1.0,3.0,1.0
0,73,0,True,False,False,1.0,0.0,0.0,0.0,13.0,3.0,1.0
0,74,0,True,False,False,1.0,0.0,0.0,0.0,5.0,9.0,1.0
0,75,0,True,False,False,0.0,1.0,0.0,0.0,13.9,5.8,12.125
0,76,0,True,False,False,1.0,0.0,0.0,0.0,9.0,5.0,3.0
0,77,0,True,False,False,1.0,0.0,0.0,0.0,9.0,5.0,1.0
0,78,0,True,False,False,1.0,0.0,0.0,0.0,17.0,3.0,3.0
0,79,0,True,False,False,1.0,0.0,0.0,0.0,5.0,3.0,3.0
0,80,0,True,False,False,1.0,0.0,0.0,0.0,17.0,7.0,3.0
0,81,0,True,False,False,1.0,0.0,0.0,0.0,19.0,5.0,3.0
0,82,0,True,False,False,1.0,0.0,0.0,0.0,5.0,1.0,3.0
0,83,0,True,False,False,1.0,0.0,0.0,0.0,9.0,3.0,3.0
0,84,0,True,False,False,1.0,0.0,0.0,0.0,5.0,13.0,1.0
0,85,0,True,False,False,1.0,0.0,0.0,0.0,19.0,7.0,3.0
0,86,0,True,False,False,1.0,0.0,0.0,0.0,1.0,5.0,1.0
0,87,0,True,False,False,1.0,0.0,0.0,0.0,1.0,7.0,1.0
0,88,0,True,False,False,0.0,0.0,1.0,0.0,15.0,5.8,8.875
0,89,0,True,False,False,1.0,0.0,0.0,0.0,17.0,15.0,1.0
0,90,0,True,False,False,1.0,0.0,0.0,0.0,11.0,3.0,3.0
0,91,0,True,False,False,1.0,0.0,0.0,0.0,9.0,9.0,3.0
0,92,0,True,False,False,1.0,0.0,0.0,0.0,19.0,11.0,3.0
0,93,0,True,False,False,1.0,0.0,0.0,0.0,15.0,7.0,1.0
0,94,0,True,False,False,1.0,0.0,0.0,0.0,9.0,9.0,1.0
0,95,0,True,False,False,1.0,0.0,0.0,0.0,1.0,11.0,3.0
0,96,0,True,False,False,1.0,0.0,0.0,0.0,7.0,13.0,1.0
0,97,0,True,False,False,0.0,1.0,0.0,0.0,4.0,12.6,8.875
0,98,0,True,False,False,1.0,0.0,0.0,0.0,17.0,11.0,1.0
0,99,0,True,False,False,1.0,0.0,0.0,0.0,11.0,7.0,1.0
0,100,0,True,False,False,1.0,0.0,0.0,0.0,19.0,7.0,1.0
0,101,0,True,False,False,1.0,0.0,0.0,0.0,7.0,5.0,3.0
0,102,0,True,False,False,1.0,0.0,0.0,0.0,13.0,15.0,3.0
0,103,0,True,False,False,1.0,0.0,0.0,0.0,13.0,1.0,3.0
0,104,0,True,False,False,1.0,0.0,0.0,0.0,7.0,15.0,1.0
0,105,0,True,False,False,1.0,0.0,0.0,0.0,13.0,7.0,1.0
0,106,0,True,False,False,1.0,0.0,0.0,0.0,3.0,1.0,3.0
0,107,0,True,False,False,0.0,1.0,0.0,0.0,4.842105,8.2,8.875
0,108,0,True,False,False,1.0,0.0,0.0,0.0,1.0,9.0,3.0
0,109,0,True,False,False,1.0,0.0,0.0,0.0,5.0,11.0,1.0
0,110,0,True,False,False,1.0,0.0,0.0,0.0,19.0,15.0,3.0
0,111,0,True,False,False,1.0,0.0,0.0,0.0,15.0,13.0,1.0
0,112,0,True,False,False,1.0,0.0,0.0,0.0,13.0,9.0,1.0
0,113,0,True,False,False,1.0,0.0,0.0,0.0,1.0,5.0,3.0
0,114,0,True,False,False,0.0,1.0,0.0,0.0,4.842106,8.2,12.125
0,115,0,True,False,False,1.0,0.0,0.0,0.0,15.0,15.0,1.0
0,116,0,True,False,False,0.0,1.0,0.0,0.0,7.5,4.8,8.875
0,117,0,True,False,False,1.0,0.0,0.0,0.0,13.0,11.0,3.0
0,118,0,True,False,False,1.0,0.0,0.0,0.0,13.0,9.0,3.0
0,119,0,True,False,False,1.0,0.0,0.0,0.0,15.0,3.0,3.0
0,120,0,True,False,False,0.0,0.0,1.0,0.0,4.0,4.0,8.875
0,121,0,True,False,False,0.0,1.0,0.0,0.0,7.5,4.8,12.125
0,122,0,True,False,False,1.0,0.0,0.0,0.0,3.0,13.0,3.0
0,123,0,True,False,False,1.0,0.0,0.0,0.0,3.0,3.0,1.0
0,124,0,True,False,False,1.0,0.0,0.0,0.0,19.0,13.0,1.0
0,125,0,True,False,False,1.0,0.0,0.0,0.0,11.0,9.0,3.0
0,126,0,True,False,False,1.0,0.0,0.0,0.0,17.0,7.0,1.0
0,127,0,True,False,False,1.0,0.0,0.0,0.0,9.0,3.0,1.0
0,128,0,True,False,False,1.0,0.0,0.0,0.0,15.0,9.0,3.0
0,129,0,True,False,False,1.0,0.0,0.0,0.0,19.0,13.0,3.0
0,130,0,True,False,False,0.0,1.0,0.0,0.0,13.1,5.8,8.875
0,131,0,True,False,False,0.0,0.0,0.0,1.0,13.0,7.0,5.625
0,132,0,True,False,False,0.0,1.0,0.0,0.0,4.0,11.4,12.125
0,133,0,True,False,False,1.0,0.0,0.0,0.0,5.0,11.0,3.0
0,134,0,True,False,False,0.0,0.0,0.0,1.0,13.0,3.0,5.625
0,135,0,True,False,False,1.0,0.0,0.0,0.0,15.0,1.0,1.0
0,136,0,True,False,False,1.0,0.0,0.0,0.0,5.0,3.0,1.0
0,137,0,True,False,False,1.0,0.0,0.0,0.0,5.0,5.0,1.0
0,138,0,True,False,False,1.0,0.0,0.0,0.0,13.0,15.0,1.0
0,139,0,True,False,False,1.0,0.0,0.0,0.0,19.0,5.0,1.0
0,140,0,True,False,False,1.0,0.0,0.0,0.0,5.0,9.0,3.0
0,141,0,True,False,False,1.0,0.0,0.0,0.0,7.0,1.0,1.0
0,142,0,True,False,False,1.0,0.0,0.0,0.0,9.0,11.0,3.0
0,143,0,True,False,False,1.0,0.0,0.0,0.0,15.0,3.0,1.0
0,144,0,True,False,False,1.0,0.0,0.0,0.0,15.0,11.0,1.0
0,145,0,True,False,False,1.0,0.0,0.0,0.0,3.0,15.0,3.0
0,146,0,True,False,False,1.0,0.0,0.0,0.0,1.0,7.0,3.0
0,147,0,True,False,False,1.0,0.0,0.0,0.0,13.0,1.0,1.0
0,148,0,True,False,False,1.0,0.0,0.0,0.0,3.0,5.0,3.0
0,149,0,False,True,False,1.0,0.0,0.0,0.0,1.0,13.0,1.0
0,150,0,False,True,False,1.0,0.0,0.0,0.0,11.0,11.0,3.0
0,151,0,False,True,False,1.0,0.0,0.0,0.0,13.0,7.0,3.0
0,152,0,False,True,False,1.0,0.0,0.0,0.0,9.0,7.0,3.0
0,153,0,False,True,False,1.0,0.0,0.0,0.0,19.0,15.0,1.0
0,154,0,False,True,False,0.0,1.0,0.0,0.0,10.5,4.8,8.875
0,155,0,False,True,False,0.0,0.0,1.0,0.0,15.0,10.0,7.25
0,156,0,False,True,False,1.0,0.0,0.0,0.0,19.0,11.0,1.0
0,157,0,False,True,False,1.0,0.0,0.0,0.0,7.0,3.0,1.0
0,158,0,False,True,False,1.0,0.0,0.0,0.0,11.0,15.0,1.0
0,159,0,False,True,False,1.0,0.0,0.0,0.0,5.0,1.0,1.0
0,160,0,False,True,False,0.0,0.0,0.0,1.0,5.0,13.0,5.625
0,161,0,False,True,False,1.0,0.0,0.0,0.0,17.0,11.0,3.0
0,162,0,False,True,False,1.0,0.0,0.0,0.0,7.0,9.0,1.0
0,163,0,False,True,False,1.0,0.0,0.0,0.0,15.0,11.0,3.0
0,164,0,False,True,False,1.0,0.0,0.0,0.0,11.0,1.0,1.0
0,165,0,False,True,False,1.0,0.0,0.0,0.0,7.0,1.0,3.0
0,166,0,False,True,False,0.0,0.0,1.0,0.0,2.842106,8.2,5.625
0,167,0,False,False,True,1.0,0.0,0.0,0.0,11.0,9.0,1.0
0,168,0,False,False,True,1.0,0.0,0.0,0.0,7.0,7.0,3.0
0,169,0,False,False,True,1.0,0.0,0.0,0.0,9.0,15.0,1.0
0,170,0,False,False,True,1.0,0.0,0.0,0.0,7.0,15.0,3.0
0,171,0,False,False,True,1.0,0.0,0.0,0.0,15.0,1.0,3.0
0,172,0,False,False,True,1.0,0.0,0.0,0.0,3.0,15.0,1.0
0,173,0,False,False,True,1.0,0.0,0.0,0.0,11.0,15.0,3.0
0,174,0,False,False,True,0.0,0.0,0.0,1.0,17.0,3.0,5.625
0,175,0,False,False,True,1.0,0.0,0.0,0.0,11.0,5.0,3.0
0,176,0,False,False,True,1.0,0.0,0.0,0.0,5.0,5.0,3.0
0,177,0,False,False,True,1.0,0.0,0.0,0.0,11.0,13.0,3.0
0,178,0,False,False,True,1.0,0.0,0.0,0.0,19.0,3.0,1.0
0,179,0,False,False,True,1.0,0.0,0.0,0.0,9.0,13.0,3.0
0,180,0,False,False,True,1.0,0.0,0.0,0.0,9.0,7.0,1.0
0,181,0,False,False,True,1.0,0.0,0.0,0.0,1.0,9.0,1.0
0,182,0,False,False,True,1.0,0.0,0.0,0.0,13.0,11.0,1.0
0,183,0,False,False,True,1.0,0.0,0.0,0.0,11.0,13.0,1.0
0,184,0,False,False,True,1.0,0.0,0.0,0.0,5.0,7.0,1.0
0,185,0,False,False,True,1.0,0.0,0.0,0.0,17.0,13.0,3.0
0,186,0,False,False,True,0.0,1.0,0.0,0.0,10.5,4.8,12.125
